{
    "carvers": {
        "air": [
            "minecraft:canyon",
            "minecraft:cave",
            "minecraft:cave_extra_underground",
            "minecraft:nether_cave"
        ]
    },
    "downfall": 3,
    "effects": {
        "additions_sound": {
            "sound": "minecraft:ambient.underwater.loop.additions.ultra_rare",
            "tick_chance": 0.3
        },
        "fog_color": 6669536,
        "sky_color": 10612458,
        "water_color": 5554395,
        "water_fog_color": 8102314,
        "mood_sound": {
            "sound": "minecraft:ambient.underwater.loop",
            "tick_delay": 1200,
            "block_search_extent": 8,
            "offset": 2.0
        },
        "music": {
            "sound": "minecraft:music.under_water",
            "replace_current_music": false,
            "min_delay": 12000,
            "max_delay": 24000
        }
    },
    "has_precipitation": true,
    "temperature": 0.8,
    "spawn_costs": {},
    "features": [
        [],
        [
          "minecraft:lake_lava_underground",
          "minecraft:lake_lava_surface"
        ],
        [
          "minecraft:amethyst_geode"
        ],
        [],
        [],
        [],
        [
          "minecraft:ore_dirt",
          "minecraft:ore_gravel",
          "minecraft:ore_granite_upper",
          "minecraft:ore_granite_lower",
          "minecraft:ore_diorite_upper",
          "minecraft:ore_diorite_lower",
          "minecraft:ore_andesite_upper",
          "minecraft:ore_andesite_lower",
          "minecraft:ore_tuff",
          "minecraft:ore_coal_upper",
          "minecraft:ore_coal_lower",
          "minecraft:ore_iron_upper",
          "minecraft:ore_iron_middle",
          "minecraft:ore_iron_small",
          "minecraft:ore_gold",
          "minecraft:ore_gold_lower",
          "minecraft:ore_redstone",
          "minecraft:ore_redstone_lower",
          "minecraft:ore_diamond",
          "minecraft:ore_diamond_large",
          "minecraft:ore_diamond_buried",
          "minecraft:ore_lapis",
          "minecraft:ore_lapis_buried",
          "minecraft:ore_copper",
          "minecraft:underwater_magma",
          "minecraft:disk_sand",
          "minecraft:disk_clay",
          "minecraft:disk_gravel",
          "minecraft:ore_emerald"
        ],
        [],
        [
          "minecraft:spring_water",
          "minecraft:spring_lava"
        ],
        [
          "minecraft:glow_lichen",
          "minecraft:patch_tall_grass_2",
          "minecraft:patch_grass_plain",
          "minecraft:flower_meadow",
          "minecraft:trees_plains"
        ],
        [
          "minecraft:freeze_top_layer"
        ]
    ],
    "spawners": {
        "ambient": [
            {
                "type": "minecraft:bat",
                "weight": 1,
                "minCount": 8,
                "maxCount": 8
            }
        ],
        "axolotls": [],
        "creature": [
            {
                "type": "minecraft:horse",
                "weight": 2,
                "minCount": 2,
                "maxCount": 4
            },
            {
                "type": "minecraft:rabbit",
                "weight": 2,
                "minCount": 2,
                "maxCount": 6
            },
            {
                "type": "minecraft:donkey",
                "weight": 1,
                "minCount": 1,
                "maxCount": 2
            }
        ],
        "misc": [],
        "monster": [],
        "underground_water_creature": [
            {
                "type": "minecraft:glow_squid",
                "weight": 1,
                "minCount": 4,
                "maxCount": 6
            }
        ],
        "water_ambient": []
    }
}